id,name,status,owner,match_rate,last_run
ID-0001,Supra facilis tubineus.,exception,Ernesto Klein,0.86,2025-04-18
ID-0002,Aestivus cresco thymbra venia barba aeger.,exception,Vicki O'Conner,0.37,2024-10-27
ID-0003,Vulpes laboriosam commemoro bonus consequatur corroboro.,open,Muriel Quitzon,0.21,2023-12-21
ID-0004,Abscido thymum terebro infit aeger tener.,certified,Petra Connelly,0.62,2024-06-15
ID-0005,Autem validus tandem ver.,exception,Sheridan Nader,0.47,2024-04-19
ID-0006,Balbus combibo carbo bestia currus.,exception,Mr. Ben Hoppe,0.8,2021-08-19
ID-0007,Celer vigor repellat communis centum aufero suasoria blanditiis.,certified,Raegan Rowe,0.08,2024-03-12
ID-0008,Custodia addo caveo ademptio utroque.,open,Matthew Treutel II,0.9,2025-12-23
ID-0009,Tutis carpo neque aegre alius vulticulus compello tamisium timidus.,exception,Alvin Christiansen,0.36,2024-09-13
ID-0010,Coma solium campana accedo tendo quia tempus.,open,Keenan Stracke,0.58,2025-12-11
ID-0011,Decimus suffragium creta calco patria vestrum vetus congregatio eum.,open,Lucius Rau,0.05,2022-09-23
ID-0012,Spiculum corroboro vilis aspicio desidero studio subiungo socius.,in_progress,Lauretta Purdy,0.67,2025-01-09
ID-0013,Accusantium tergum pel subnecto.,exception,Kailee Jacobson,0.57,2021-08-30
ID-0014,Nostrum optio conspergo admoneo addo curo ago pectus uxor vacuus.,certified,Shanon Rippin,0.81,2025-12-25
ID-0015,Velit qui voluptate.,in_progress,Dr. Ervin Wolf,0.94,2020-07-05
ID-0016,Aeneus bene calculus delicate censura amaritudo.,open,Miss Nia Kessler-Gottlieb,0.23,2020-10-11
ID-0017,Conspergo sperno advenio bene tolero.,open,Camren Kuhic,0.56,2024-10-27
ID-0018,Nobis dicta arbitro quia.,in_progress,Josephine Schuster,0.42,2022-10-01
ID-0019,Natus sopor tergiversatio unus combibo fugiat tunc vox.,exception,Kate Kulas,0.84,2022-03-03
ID-0020,Cum complectus defetiscor tempus antea auxilium virgo atque minus.,certified,Dante Hintz,0.14,2023-06-05
ID-0021,Cibo blanditiis auctor tremo.,in_progress,Mr. Keon Hirthe,0.08,2023-05-05
ID-0022,Theca ater speculum bos blandior utilis carus celebrer a.,exception,Nash Koch,0.09,2022-12-01
ID-0023,Adhaero claro beatus capio ver delibero deleniti temporibus arma depono.,in_progress,Norbert Shields,0.03,2021-03-24
ID-0024,Dolorem possimus verbum dolore desino.,open,Jessica Crooks,0.45,2021-06-04
ID-0025,Surculus amoveo pecus.,in_progress,Raquel Rolfson,0.78,2021-06-03
ID-0026,Maxime vetus crepusculum aeger accusantium tres esse terga.,open,Vera Watsica,0.61,2024-01-27
ID-0027,Ubi vinitor vado tactus chirographum.,in_progress,Mr. Noel Mueller II,0.07,2022-08-28
ID-0028,Coniecto trucido videlicet audax corroboro.,exception,Chelsea Corwin III,0.5,2021-06-24
ID-0029,Somniculosus tantillus tego nesciunt ventito totidem.,exception,Debbie Jenkins,0.89,2025-05-17
ID-0030,Combibo studio cernuus aufero audacia congregatio curtus tripudio animadverto tabesco.,certified,Essie Kerluke,0.11,2023-04-13
