id,actor,action,target_type,created_at,notes
ID-0001,Jennifer Mills III,reject,quos omnis subvenio,2021-06-04,Amicitia creo depopulo solio virga paulatim talus.
ID-0002,Annalise Hettinger,create,apud charisma volup,2021-12-27,Autus perferendis cicuta beatae ea abscido.
ID-0003,Mrs. Andrea Hayes,delete,vicinus crux alias,2023-09-14,Conitor dignissimos utilis.
ID-0004,Zane Goodwin,approve,cunctatio venustas summopere,2023-08-25,Trans vis trado ab repellat.
ID-0005,Antoinette Pfannerstill,approve,defleo corporis animi,2022-07-07,Aeneus aggero conspergo vilis sordeo spiritus conturbo paens abstergo.
ID-0006,Lemuel Reilly,share,aeger explicabo ara,2020-01-26,Claustrum depereo neque adimpleo annus laboriosam.
ID-0007,Lukas Pouros,escalate,cetera cohibeo testimonium,2022-09-05,Traho umquam veritatis curvo comis non correptius paulatim sufficio.
ID-0008,Clarence Conroy II,update,acies sint repellendus,2022-01-16,Cunae colo spiculum.
ID-0009,Darnell Kling-Pfeffer,approve,acsi despecto vobis,2022-04-22,Adaugeo cresco artificiose.
ID-0010,Jade Tromp,share,combibo valeo pax,2024-12-17,Civitas vito cribro creptio confugo hic arguo iste id tempus.
ID-0011,Edwin Dietrich,delete,centum voco labore,2022-01-31,Apud decor quidem deporto cuius vulgo utrum.
ID-0012,Lowell Huels,approve,illo calcar vobis,2025-06-16,Expedita usus aperte texo ante thalassinus cetera utpote.
ID-0013,Israel Kub-Stracke,approve,circumvenio barba tempus,2022-04-27,Deprimo neque uredo vomer cumque tres tendo.
ID-0014,Colby Stehr,view,varietas advenio vacuus,2022-09-09,Quidem vester accusantium demoror sto suppono stultus.
ID-0015,Grace Gottlieb,share,absorbeo vulpes spiculum,2024-12-21,Accedo taceo trucido taedium aranea.
ID-0016,Maci Stamm,create,depopulo aetas cumque,2022-06-11,Conscendo amor titulus.
ID-0017,Vernon Gusikowski,reject,thalassinus suffragium admitto,2020-06-08,Claustrum candidus cicuta thymbra vetus cultellus.
ID-0018,Jason Nikolaus V,delete,socius annus valeo,2023-01-07,Occaecati quibusdam aequitas statim carbo summopere.
ID-0019,Mr. Katheryn Conroy,approve,ciminatio appello quo,2020-04-29,Cometes a dolorem adipiscor cetera suffragium advenio tumultus.
ID-0020,Nettie Brakus,delete,turbo combibo testimonium,2025-05-08,Verbum cotidie vobis alii stips depulso.
ID-0021,Maxie Cummerata,escalate,voco temptatio virga,2024-03-19,Amiculum tero sequi administratio contigo.
ID-0022,Herman Durgan,delete,admoveo tenetur cur,2024-12-07,Beneficium solum demens utrum bibo spiritus pecus clementia approbo.
ID-0023,Emery Huels,update,validus civis corona,2020-05-07,Ducimus ceno truculenter.
ID-0024,Geneva Casper,approve,culpo excepturi pariatur,2020-01-22,Vix earum spiculum color teres terebro.
ID-0025,Mr. Braden Russel,delete,accommodo claudeo terebro,2023-02-09,Corrigo ab coepi sint voluptatem.
ID-0026,Stuart Sauer,approve,cognatus aedificium calco,2021-06-24,Tametsi demitto adsuesco vita vilitas territo.
ID-0027,Wade Hickle,update,aqua quasi terminatio,2023-06-21,Tondeo repellat cresco sperno.
ID-0028,Tamara Kovacek MD,create,arceo absens quos,2022-09-08,Vita ex carbo desino.
ID-0029,Drew Koelpin,approve,adimpleo asperiores decumbo,2021-04-03,Turpis vomica textus.
ID-0030,Mr. Virgil Wilderman DVM,reject,caveo debilito optio,2020-06-09,Vomica auditor textor venustas villa vitium eligendi.
ID-0031,Carlo Raynor,escalate,sophismata ascisco maiores,2024-08-18,Abundans absque consuasor vester calco reiciendis.
ID-0032,Sandra Boyer,create,denique somniculosus angustus,2021-09-25,Verto vulgo adinventitias temptatio corrigo crudelis.
ID-0033,Mr. Valentina Hermiston,reject,contego sollicito caput,2021-02-23,Ambitus dicta bos adficio adeptio atque usitas cimentarius virga non.
ID-0034,Jordy Grady,share,vindico vapulus curia,2024-09-06,Deripio bardus officiis audax conatus umbra.
ID-0035,Ashley Lakin,view,truculenter conatus suadeo,2024-08-17,Argentum utor fugit cimentarius currus adfero antiquus teneo.
ID-0036,Kristi Wiza,delete,cognomen callide ab,2024-05-17,Caelestis somnus talis ubi curo cognatus communis summa totam attonbitus.
ID-0037,Piper Romaguera-Huel,escalate,aeternus illum sui,2021-01-01,Nulla viridis adicio cena paulatim clibanus summopere tempore ambulo.
ID-0038,Fredrick Shields,escalate,deinde verus suasoria,2024-05-16,Certus timor autus conitor condico volutabrum umerus substantia suscipio.
ID-0039,Mr. Jeramie Cruickshank,approve,acies tumultus absum,2024-03-22,Debitis canonicus sufficio totidem in volaticus admoneo despecto supellex unus.
ID-0040,Miss Kathlyn Cole,delete,ut speculum theca,2021-07-03,Mollitia tristis ventus abundans sperno admoneo inflammatio.
ID-0041,Gladys Harvey,approve,aegrotatio terra circumvenio,2022-08-06,Concedo adstringo corrumpo vinco sapiente speciosus ratione avarus.
ID-0042,Austen Gorczany,share,aegre earum attero,2025-10-28,Culpo taceo succurro.
ID-0043,Irma DuBuque,delete,civis solum volo,2023-08-16,Aestivus virgo clibanus.
ID-0044,Lew Gleichner,share,casso spes suffoco,2023-08-30,Cerno patrocinor usitas vindico amiculum.
ID-0045,Morgan Douglas,escalate,sponte cumque accendo,2023-07-01,Defaeco vita cubitum tumultus audio.
ID-0046,Austyn Kerluke,escalate,vergo damno caute,2022-08-10,Absque odit placeat reprehenderit carbo summopere aliqua aveho.
ID-0047,Adolf Emard,update,advenio degenero tabella,2023-08-22,Aggredior virgo tum tibi trans vicissitudo illum averto.
ID-0048,Morton Bernhard,share,nulla fugiat censura,2022-03-18,Sophismata tersus defetiscor quod carpo sufficio cursus decipio sodalitas video.
ID-0049,Eldred Bahringer,reject,adstringo deprecator vestigium,2020-08-19,Cunae sollers caveo artificiose arto aeneus audax sonitus uxor.
ID-0050,Baylee Hagenes,reject,facilis consuasor considero,2024-12-21,Cohors vereor viridis compello conspergo dicta vilis utor ambulo.
ID-0051,Katrina Stokes,view,una tamisium decens,2023-08-31,Speculum attero suasoria calculus.
ID-0052,Ada Reynolds,update,agnosco accusantium asperiores,2025-05-06,Considero amiculum cado earum.
ID-0053,Antonio Feest,share,praesentium iusto cupressus,2022-07-29,Subito subvenio astrum desidero cupiditas usus quos.
ID-0054,Lewis Hauck,escalate,beatae cruciamentum vehemens,2021-03-23,Curatio accusamus textor aegrotatio demitto laudantium quisquam.
ID-0055,Dr. Adrian Leuschke,view,deorsum concido textilis,2022-09-16,Umbra vaco deleniti aestivus.
ID-0056,Stefanie Bergstrom III,reject,volo aeger socius,2020-06-11,Thymum damno vulpes laboriosam commemoro bonus.
ID-0057,Ashley Kohler,escalate,sui absorbeo blandior,2023-12-21,Abscido thymum terebro infit aeger tener.
ID-0058,Natalia Leannon,escalate,quam talis assentator,2021-03-03,Tandem ver tempora patria solium valetudo nihil ratione aro demitto.
ID-0059,Curtis Flatley,approve,venustas dignissimos audeo,2020-06-17,Crebro traho soluta theca cernuus stultus celer vigor.
ID-0060,Douglas Powlowski,reject,celo somniculosus tot,2024-09-01,Audeo alienus subnecto corona custodia addo caveo ademptio utroque.
