id,actor,action,target_type,created_at,notes,finance_3_record_id
ID-0001,Blake Rogahn,delete,tum aequus uxor,2021-07-16,Video spiritus cuppedia strenuus coniecto charisma vulnus.,ID-0046
ID-0002,Andrew Luettgen,reject,tunc ademptio cornu,2021-06-03,Aequus virtus caecus vesco cursim voro.,ID-0034
ID-0003,Pete Connelly,approve,victoria id et,2020-11-05,Tollo alias reiciendis.,ID-0055
ID-0004,Archibald Cruickshank,delete,delectatio patruus astrum,2024-06-13,Somniculosus articulus sto aperiam currus.,ID-0015
ID-0005,Sidney Dietrich,create,cruciamentum summisse soluta,2023-10-01,Crapula ambulo super desparatus sui.,ID-0015
ID-0006,Amanda Schmitt IV,approve,adaugeo utroque abundans,2025-09-01,Congregatio vesper acidus nobis inflammatio bonus.,ID-0026
ID-0007,Abagail Cruickshank,delete,adfero annus vos,2021-11-21,Amissio super ultra.,ID-0016
ID-0008,Annette Kemmer,reject,catena vilicus ventus,2023-05-27,Creator cupiditas suscipio defero umerus.,ID-0057
ID-0009,Betsy Jerde,share,articulus defleo pecto,2024-02-25,Ustulo minus decerno aegre delego tracto.,ID-0037
ID-0010,Bruce Gutmann,view,clementia derelinquo curiositas,2022-06-18,Approbo auxilium adsidue avaritia.,ID-0001
ID-0011,Wendell Hegmann,create,tumultus addo vilicus,2025-05-09,Illum solium crepusculum sit adinventitias adnuo defluo.,ID-0033
ID-0012,Ronald Huels,approve,arcus desparatus thesis,2022-08-25,Ubi suffoco depraedor causa vae neque.,ID-0014
ID-0013,Aliza Christiansen-Schinner,approve,utrum cupiditate fuga,2020-04-18,Caries sponte animus.,ID-0007
ID-0014,Meagan Block I,view,urbanus ter asporto,2024-12-06,Patria conduco celebrer animus dolore numquam contego demo convoco.,ID-0039
ID-0015,Geoffrey Muller,share,cibo virga adversus,2023-08-14,Varietas ex sortitus.,ID-0050
ID-0016,Sheryl Christiansen,reject,adaugeo cervus adduco,2022-07-10,Vomito repellendus arx ventosus ducimus arguo verus templum suus sui.,ID-0013
ID-0017,Ms. D'angelo Sauer,view,sollers calco certus,2021-11-21,Certe bellum deficio.,ID-0055
ID-0018,Marilie Walker,delete,temperantia causa suadeo,2020-03-28,Dedico repellendus brevis spiculum ter demergo quae defleo varius.,ID-0030
ID-0019,Mr. Hardy Jaskolski,reject,timidus considero sapiente,2021-06-22,Thalassinus altus cernuus.,ID-0052
ID-0020,Willa Bauch,approve,amaritudo suffragium addo,2025-03-22,Antiquus atque vitium suadeo.,ID-0049
ID-0021,Dianna Lueilwitz,delete,vinum assentator vociferor,2020-02-02,Concido deduco molestias debeo cuppedia synagoga.,ID-0042
ID-0022,Lloyd Hills,delete,ara benigne amiculum,2024-02-06,Virga suspendo admoneo vado unus decipio occaecati voluptatibus.,ID-0032
ID-0023,Dr. Conrad McDermott,approve,adiuvo thesis peccatus,2021-03-11,Talis tepesco desidero cogo voluptate somnus.,ID-0025
ID-0024,Dayne Lehner,escalate,angulus sollers ciminatio,2020-01-01,Victoria usque canis tergo.,ID-0037
ID-0025,Miguel Hyatt IV,delete,animi succedo similique,2022-03-30,Acerbitas cognomen verus commemoro casus explicabo trans amet villa theatrum.,ID-0011
ID-0026,Grady Windler,approve,denique coruscus conventus,2020-04-24,Debeo autem totam thorax depereo coaegresco reprehenderit civis.,ID-0015
ID-0027,Blake Cremin,share,civitas architecto caput,2025-08-13,Copia uterque crur conculco beatus crapula comes.,ID-0041
ID-0028,Arlene Jaskolski III,escalate,caterva antepono adsum,2021-10-31,Atavus temporibus accendo labore.,ID-0023
ID-0029,Mr. Elmer Reynolds,create,velit consectetur ipsa,2022-02-27,Odit esse balbus defero.,ID-0048
ID-0030,Julio Schiller,update,sulum spiculum acidus,2022-06-21,Sortitus bibo officiis vereor theologus.,ID-0056
ID-0031,Lucas Stokes,share,porro textus ait,2021-02-06,Acer totidem abutor solum copia perferendis subito conicio amita.,ID-0005
ID-0032,Percy Jones,create,condico voluptatibus uterque,2021-12-22,Uberrime decet accommodo aestas dolore volubilis suadeo.,ID-0005
ID-0033,Rocio Nolan,view,tertius caute suggero,2021-04-15,Averto atrox confero.,ID-0026
ID-0034,Doyle Moen,delete,usque tamen umquam,2022-12-21,Subito basium decet advoco.,ID-0050
ID-0035,Sabina Rodriguez,view,custodia terror deinde,2025-08-24,Delectatio territo trado iste attero delibero.,ID-0059
ID-0036,Mr. Alessandro O'Connell,view,infit avaritia comes,2021-09-09,Admoneo articulus tonsor apparatus canis defessus ea.,ID-0046
ID-0037,Leopold Crist,approve,talus nobis cresco,2021-01-09,Necessitatibus curriculum dolorum assumenda.,ID-0040
ID-0038,Jeremiah Hartmann-Mertz,reject,alii vitiosus sumo,2024-09-23,Officia defaeco una viscus deserunt vicinus nostrum fugiat.,ID-0028
ID-0039,Donna Hoeger,share,consectetur defero appello,2020-04-15,Molestias temporibus architecto mollitia catena calcar absum aperte colligo.,ID-0008
ID-0040,Calvin McGlynn,view,vito caritas defaeco,2020-02-18,Cupio centum beatae solium cupressus attero strenuus maiores.,ID-0052
ID-0041,Malika Powlowski,share,ara sed creber,2025-09-28,Vivo venia cerno thymbra vulnero.,ID-0016
ID-0042,Erma Ernser,approve,assumenda uterque sufficio,2020-07-05,Solium viscus abduco carmen vestigium vicissitudo suppellex teneo.,ID-0006
ID-0043,Clint Collier,share,audax volutabrum vulgus,2023-05-02,Comedo currus collum cicuta.,ID-0059
ID-0044,Aaliyah Von,update,solio summa sto,2021-11-30,Vis vesica defluo tyrannus defero.,ID-0026
ID-0045,Mrs. Lana Kilback,share,accusamus iusto tersus,2023-04-01,Approbo valens deludo utrimque occaecati.,ID-0041
ID-0046,Gregorio Schmitt,approve,allatus vergo alioqui,2023-11-21,Cultura spoliatio aegre paens ter tribuo.,ID-0011
ID-0047,Shana Littel PhD,approve,cervus crudelis cresco,2021-09-20,Universe aegrus spiculum at conitor.,ID-0004
ID-0048,Shannon Kohler,view,tenax dolores speciosus,2025-01-31,Culpa venustas taedium.,ID-0033
ID-0049,Johnathan Johnson,view,arma defero cumque,2024-02-15,Rerum utpote cura vere.,ID-0060
ID-0050,Traci Boyle-Armstrong,share,attero desolo ubi,2020-02-14,Charisma unus ciminatio stips sperno brevis adeo.,ID-0025
ID-0051,Payton Moen,view,currus cetera celo,2023-03-21,Decerno aliqua supellex benigne auxilium cupiditate.,ID-0014
ID-0052,Ignacio Doyle,share,damno cupiditas adeptio,2022-12-27,Laboriosam suffragium atrocitas caste tollo vinitor appositus.,ID-0030
ID-0053,Flora Quitzon,update,absque titulus atqui,2023-08-21,Numquam comedo aiunt cado audeo.,ID-0026
ID-0054,Al Moen V,approve,nam vestigium tribuo,2021-12-08,Celebrer desparatus tam desolo.,ID-0005
ID-0055,Eino Kautzer PhD,reject,studio vacuus derelinquo,2021-11-17,Bonus creta uredo surculus culpo bestia constans ciminatio atque.,ID-0045
ID-0056,Holly Hudson-Block,reject,patruus curatio custodia,2020-04-28,Despecto architecto amet anser amaritudo pel auxilium.,ID-0016
ID-0057,Rowan Hansen,approve,accusantium speciosus eos,2025-05-23,Thymum textor antiquus cubitum.,ID-0011
ID-0058,Lena White,share,callide terebro confido,2020-11-09,Colligo soluta maxime demens derelinquo synagoga alias sordeo vehemens.,ID-0004
ID-0059,Icie Collins,update,demoror tenax caute,2022-11-19,Stipes turba cuppedia tenuis adhaero annus balbus cuius tutis coniuratio.,ID-0040
ID-0060,Flo Heaney,share,antiquus aequus utrimque,2021-10-23,Compono cruciamentum cedo conicio cunctatio suppellex doloremque villa.,ID-0003
