id,title,owner,status,last_updated
ID-0001,Audit Report Generator Policy Brief,Maya Chen,draft,2026-05-20
ID-0002,Audit Report Generator Review Notes,Jordan Lee,review,2026-05-21
ID-0003,Audit Report Generator Approval Packet,Priya Shah,published,2026-05-22
ID-0004,Audit Report Generator Publishing Checklist,Alex Morgan,archived,2026-05-23
ID-0005,Thymum sumo optio adnuo deficio spero spiculum corroboro.,Jerry Predovic,review,2020-12-08
ID-0006,Patruus attero sufficio deficio sordeo tui assentator accusantium.,Matilde Schmitt IV,review,2022-05-30
ID-0007,Nam charisma verus nostrum.,Andy Kassulke,published,2025-04-15
ID-0008,Soluta beneficium urbanus valde auxilium tabula cito thorax vulpes adamo.,Weldon Stamm,review,2020-05-26
ID-0009,Totidem ulterius vigilo ait creptio aeneus bene calculus delicate censura.,Cassandra Rowe-Wisoky,review,2024-10-15
ID-0010,Coepi candidus aperio cauda conspergo.,Dan Corkery,archived,2020-12-05
ID-0011,Deorsum cognatus magnam.,Lamar Considine,review,2022-12-05
ID-0012,Degero cohibeo traho.,Josefina Marvin,archived,2025-03-04
ID-0013,Fugiat tunc vox valetudo corrigo.,Ms. Nettie Kub,review,2021-12-20
ID-0014,Tempus antea auxilium virgo atque minus.,Marcos Lueilwitz,published,2020-11-05
ID-0015,Audax cibo blanditiis auctor tremo circumvenio vestigium.,Cary Schmeler,draft,2023-05-05
ID-0016,Theca ater speculum bos blandior utilis carus celebrer a.,Lilian Corwin,review,2020-07-24
ID-0017,Verumtamen adhaero claro beatus capio ver.,Ollie Kuhlman,published,2025-12-31
ID-0018,Cubicularis tres assumenda adaugeo bardus confugo dolorem possimus verbum.,Andrew Lubowitz,archived,2020-12-18
ID-0019,Deduco capio admiratio.,Lionel Daniel,archived,2022-05-09
ID-0020,Antea ter capillus spiculum maxime vetus crepusculum aeger accusantium.,Randy Hegmann,archived,2024-01-03
ID-0021,Cena perferendis spiritus cometes ubi vinitor vado tactus chirographum cilicium.,Mr. Noel Mueller II,draft,2022-08-28
ID-0022,Coniecto trucido videlicet audax corroboro.,Billy Mertz,archived,2022-09-06
ID-0023,Caritas deludo somniculosus tantillus tego nesciunt ventito.,Ambrose Effertz,review,2022-06-01
ID-0024,Vehemens verbera combibo studio cernuus aufero audacia congregatio curtus tripudio.,Juwan Kunde,published,2022-08-08
ID-0025,Angelus incidunt veniam coniecto.,Trace Mante,archived,2022-05-25
ID-0026,Abstergo trepide thesis amicitia neque.,Virginia Bergstrom,published,2020-03-12
ID-0027,Exercitationem amet at minus clibanus vigilo toties vorago.,Hollie Beatty,published,2022-09-30
ID-0028,Porro casus nesciunt contego.,Mr. Jarred Hettinger,draft,2020-07-04
ID-0029,Dens turba brevis creator titulus trans.,Esther Carter MD,published,2020-03-12
ID-0030,Cumque arx sollicito volup libero sumo.,Brenda Wehner,draft,2022-02-16
ID-0031,Culpa triumphus torrens perspiciatis corrumpo cattus amiculum.,May Bernier,draft,2020-12-09
ID-0032,Adhuc curatio asporto utroque iusto campana desipio suus vitae.,Trent Nicolas,review,2024-07-07
ID-0033,Spiculum curto suus tredecim arca triumphus harum.,Mr. Gene Friesen,published,2021-11-07
ID-0034,Communis adflicto cernuus absconditus volutabrum vociferor crur.,Max West,archived,2021-08-05
ID-0035,Acies pax soluta sto animi vigilo attonbitus qui cado cohibeo.,Chris Johnson,archived,2020-07-03
ID-0036,Amaritudo acceptus somniculosus pauper ascisco canis.,Dr. Westley Feeney,review,2020-04-20
ID-0037,Natus crudelis ad.,Rex Bauch,review,2025-11-04
ID-0038,Cervus sui cernuus ventito corrupti inventore admitto.,Dr. Pink Fahey,draft,2022-09-13
ID-0039,Usus agnosco bene tantum admoneo.,Gayle Lehner,published,2024-10-31
ID-0040,Arguo architecto ceno contra cunabula sponte adstringo adeo cruciamentum.,Marco Torphy II,draft,2022-06-20
ID-0041,Spectaculum trepide speculum tredecim.,Nellie Osinski,draft,2025-12-15
ID-0042,Voveo voluptatum thalassinus soluta.,Eino Mosciski,review,2021-12-24
ID-0043,Ullam baiulus victus strenuus trans iure tergum.,Alford Zemlak,draft,2024-08-04
ID-0044,Uredo ambulo antea volva sperno.,Merle Mitchell,published,2022-07-29
ID-0045,Tenuis calamitas stultus canis quibusdam.,Mr. Archie Moen,published,2022-01-18
ID-0046,Vestrum conatus delego abutor aggredior caute.,Hilbert Daniel,published,2025-10-16
ID-0047,Validus neque magni.,Bill Heaney III,draft,2024-04-15
ID-0048,Esse sublime velut textor spes.,Eleonore Goldner,published,2023-10-21
ID-0049,Acceptus suspendo commodo sono iusto conicio appono.,Tevin Brakus,published,2024-09-05
ID-0050,A summa consuasor.,Latoya Will,published,2020-07-05
ID-0051,Crastinus pectus creta caput alius comburo alo.,Ms. Isabell Swift II,review,2022-06-01
ID-0052,Statim comburo appello ratione aperiam nesciunt suadeo subseco.,Jerrell Mosciski,draft,2021-09-15
ID-0053,Provident ullam auxilium antea vix amita.,Kamille Bednar,published,2023-04-08
ID-0054,Reprehenderit tracto adhuc deripio.,Mr. Elias Treutel,published,2022-03-10
ID-0055,Deleniti auditor subvenio iure contego vere accusator comedo.,Mauricio Padberg,archived,2022-09-22
ID-0056,Victus casso animi nulla volubilis crapula.,Mrs. Kayla Oberbrunner III,draft,2025-04-20
ID-0057,Crepusculum solutio decimus socius aduro torqueo.,Velva Kreiger,published,2022-05-30
ID-0058,Antepono cruciamentum ascisco tabernus bellicus.,Louise Mayer,archived,2023-03-30
ID-0059,Maxime ver crustulum.,Cathy Mertz,archived,2024-07-13
ID-0060,Tribuo aggero demoror quod tribuo terra charisma.,Shaun Dare-Reichert,review,2023-02-05
