id,actor,action,target_type,created_at,notes,document_id
ID-0001,Maya Chen,create,document,2026-05-18,Revision 1 captures approval evidence and publish-readiness changes.,ID-0001
ID-0002,Jordan Lee,update,document,2026-05-19,Revision 2 captures approval evidence and publish-readiness changes.,ID-0002
ID-0003,Priya Shah,approve,document,2026-05-20,Revision 3 captures approval evidence and publish-readiness changes.,ID-0003
ID-0004,Alex Morgan,share,document,2026-05-21,Revision 4 captures approval evidence and publish-readiness changes.,ID-0004
ID-0005,Pauline Ruecker III,reject,demoror creta valens,2025-05-13,Possimus vester vivo dolor defessus.,ID-0017
ID-0006,Lamar Gottlieb,share,adopto nesciunt agnitio,2020-12-04,Dolore caute comes aiunt cognatus voco.,ID-0057
ID-0007,Suzanne Schroeder Sr.,update,vitium fugiat accedo,2021-07-18,Suadeo tabella vulnero civis fugiat expedita.,ID-0025
ID-0008,Rosina Mitchell,reject,sub dolorum vulariter,2023-09-02,Ter assumenda creo conor custodia.,ID-0047
ID-0009,Kianna Schroeder,update,desparatus cavus absque,2023-11-22,Decumbo volaticus molestias urbanus apud modi ustilo.,ID-0035
ID-0010,Mr. Billy Huels,share,vitae carmen conqueror,2025-05-17,Decipio commemoro est sto certus tabgo admoneo admiratio creptio considero.,ID-0019
ID-0011,Cora Wolf,approve,nemo vorago carbo,2024-02-02,Pectus alienus spiculum advoco patior tactus bene turba.,ID-0002
ID-0012,Darin Wilderman,update,conqueror quam impedit,2020-10-02,Capitulus benigne cunctatio succurro blandior.,ID-0023
ID-0013,Velva Flatley,delete,cenaculum dicta tergiversatio,2025-02-24,Contigo stips coma adulescens substantia absque cunabula comprehendo suadeo.,ID-0046
ID-0014,Eleazar Reinger,share,caelestis somniculosus pel,2025-06-28,Tantum minus cervus demitto.,ID-0021
ID-0015,Kenton Leannon,update,deprimo collum attonbitus,2023-01-10,Causa delectus appello vestigium usque.,ID-0043
ID-0016,Precious Bruen,view,neque sint defungo,2023-03-04,Repudiandae aggredior dapifer.,ID-0018
ID-0017,Moses Cruickshank,update,utpote eum deleo,2020-08-21,Ustilo tribuo quidem aestivus amplexus admiratio causa appositus.,ID-0016
ID-0018,Leila Quitzon,escalate,cervus repudiandae confugo,2025-12-26,Cibo via acidus subito surgo.,ID-0051
ID-0019,Angeline O'Connell,update,sol vomito vere,2022-08-20,Conturbo trepide substantia.,ID-0028
ID-0020,Juanita Nitzsche,reject,aedificium voluptas contigo,2022-11-13,Statim somniculosus sumo ceno comedo.,ID-0008
ID-0021,Leonard Toy,approve,aestus speciosus trado,2021-06-20,Tumultus utpote carcer ipsa aurum ambitus.,ID-0055
ID-0022,Alvera Kessler,reject,aliqua temperantia non,2021-02-13,Audacia adstringo odio tunc.,ID-0002
ID-0023,Rochelle Heller,delete,acquiro tabesco quidem,2023-06-27,Spero basium conservo antea aperio spes una vivo.,ID-0038
ID-0024,Ms. Rita Mosciski,create,tametsi ullus circumvenio,2023-11-04,Vitae ademptio nisi aspernatur summa.,ID-0011
ID-0025,Tabitha Considine,reject,vere arca sint,2021-05-25,Statua paens temeritas collum.,ID-0027
ID-0026,Eldred Hermann,delete,veritas cena vehemens,2020-08-14,Venustas asporto volo defessus vinculum spiculum cogito audio.,ID-0019
ID-0027,Blanca Schinner,update,sed auxilium alter,2020-12-31,Trado considero sollicito fuga spiculum statim quo cena adficio defleo.,ID-0054
ID-0028,Zakary Pouros,share,voro stipes careo,2024-10-16,Termes verbum crebro.,ID-0038
ID-0029,Eunice Weber Sr.,view,tabula casus aegre,2021-08-10,Recusandae supplanto cauda super ad corrupti quis arbustum trans canonicus.,ID-0040
ID-0030,Bailey Vandervort,view,xiphias beneficium celo,2023-12-23,Veritas desolo theatrum appositus voluptatum vobis ascit coepi amaritudo cernuus.,ID-0049
ID-0031,Georgia Murphy-Johns,share,trado cilicium aegrus,2020-05-04,Nobis vestrum derideo.,ID-0051
ID-0032,Mohammad Hessel,create,conturbo facere vulnus,2022-11-06,Custodia theca pariatur valde cunctatio peccatus quod cur arbor.,ID-0006
ID-0033,Darrion Rippin,reject,ascisco vitiosus ullus,2025-03-08,Tempus arbitro absorbeo accusantium ocer deficio.,ID-0032
ID-0034,Monica Reynolds,view,odio bene capillus,2023-10-08,Cupressus caute usque sortitus dedico depopulo bardus quis contego.,ID-0060
ID-0035,Lillian Schmidt,escalate,occaecati deprimo aurum,2022-10-13,Vergo condico viridis expedita.,ID-0038
ID-0036,Garry Mueller,view,bos asper cultura,2025-07-24,Curatio ea ago vorax sophismata circumvenio occaecati amo.,ID-0058
ID-0037,Deion Sanford,reject,vapulus aeternus comptus,2021-06-28,Cribro synagoga stillicidium beneficium capitulus cilicium cunctatio canonicus accusantium utroque.,ID-0058
ID-0038,Alberta Shanahan,update,texo praesentium adinventitias,2023-09-26,Corporis tenus tondeo cubo vinitor.,ID-0025
ID-0039,Stewart Bogisich PhD,view,averto tibi ullam,2021-09-25,Admiratio architecto fugiat nemo similique acceptus vitium adinventitias aranea accedo.,ID-0035
ID-0040,Reagan Littel,approve,aequus stella desolo,2024-08-04,Architecto socius at uter placeat ars.,ID-0058
ID-0041,Dr. Luke Schneider,reject,deficio tardus apparatus,2023-04-13,Alii cura ultio umerus alveus alioqui celebrer.,ID-0053
ID-0042,Mrs. Aurore Hermiston,update,summisse uterque antepono,2025-03-14,Antepono cursus arto subseco tempore amiculum dicta.,ID-0049
ID-0043,Mr. Tyrone Huels,approve,depraedor tyrannus tristis,2022-06-03,Deprimo nam capitulus thalassinus depereo.,ID-0021
ID-0044,Traci Cummings,delete,adeptio commodi illum,2023-04-24,Dedecor vociferor cotidie causa careo.,ID-0028
ID-0045,Mr. Nick Johnston,reject,bardus talis admoveo,2025-02-11,Utilis conservo suppono comis.,ID-0055
ID-0046,Kathleen Dietrich DVM,approve,vesica impedit centum,2024-03-19,Vox celo spectaculum admoneo amplitudo abduco xiphias thorax.,ID-0048
ID-0047,Chad Hirthe,reject,aetas accusamus ambulo,2022-06-18,Repellendus thorax deleniti conturbo amitto utor terra aspicio doloremque depono.,ID-0038
ID-0048,Kallie Berge,create,talus supra appositus,2025-01-06,Coerceo carpo corrigo caterva.,ID-0030
ID-0049,Amelie Bechtelar,create,tubineus doloremque et,2023-05-16,Avaritia comis optio bellum.,ID-0007
ID-0050,Roberto Gulgowski,update,subiungo sed tero,2025-08-16,Armarium careo turbo bellum aequus succedo culpa verumtamen.,ID-0040
ID-0051,Deshawn Jacobson,approve,anser cui consequatur,2024-08-21,Arguo cornu corroboro argentum theologus suffragium aufero cornu amiculum.,ID-0038
ID-0052,Oleta Mayert V,update,cras turpis sequi,2023-11-27,Varius verto alius illum taedium templum pectus aspernatur thema.,ID-0044
ID-0053,Christy Auer,reject,quaerat somnus tubineus,2021-04-17,Ullus aro voluptatem.,ID-0051
ID-0054,Audreanne Nienow,share,aedificium inflammatio officiis,2023-12-01,Copia turpis autem tres magnam.,ID-0046
ID-0055,Kevin Kemmer III,update,cribro virgo comitatus,2025-03-17,Consectetur agnosco surculus color terra decipio deorsum tergo creber decipio.,ID-0023
ID-0056,Renee Ledner,delete,chirographum victoria supra,2023-06-19,Adamo quae dolor in contigo aggredior aut virga.,ID-0025
ID-0057,Andrea Lind,update,tamdiu asporto auditor,2022-10-06,Carmen similique soleo tredecim cura.,ID-0005
ID-0058,Landen Adams,create,modi verumtamen volo,2023-03-30,Vinculum speculum advoco deleniti caput delinquo.,ID-0028
ID-0059,Christopher Simonis,delete,videlicet verecundia bellum,2020-03-27,Tres volaticus valetudo pauci ex acsi caritas degero.,ID-0038
ID-0060,Durward Bogisich,view,suadeo vulariter chirographum,2022-12-28,Decet umquam stella vaco barba.,ID-0053
