id,source_record_id,status,owner,created_at,notes
ID-0001,SOU-0001,pending,Larue Crist,2025-03-13,Suggero accusator volubilis tristis benevolentia attonbitus auctus.
ID-0002,SOU-0002,active,Eddie Conn,2022-03-14,Territo aveho doloribus omnis adipiscor pectus.
ID-0003,SOU-0003,active,Vita Haag,2024-02-08,Animus deputo adeo verbera caute somniculosus.
ID-0004,SOU-0004,active,Clyde Ryan-Weimann V,2025-07-13,Autus adipisci comparo.
ID-0005,SOU-0005,pending,Fletcher Littel,2024-10-24,Vos ter avarus.
ID-0006,SOU-0006,active,Misael Blanda,2020-09-10,Qui comptus adversus colo communis suspendo repellendus valens demens.
ID-0007,SOU-0007,active,Keara Kunde,2022-07-26,Amita addo repellat.
ID-0008,SOU-0008,active,Delmer Roob,2020-06-17,Arx vetus titulus recusandae ut.
ID-0009,SOU-0009,closed,Kaley Tremblay,2020-08-29,Curso toties undique absconditus.
ID-0010,SOU-0010,pending,Bridget Weissnat,2023-02-11,Convoco volup vivo caste derideo coerceo cinis adfectus.
ID-0011,SOU-0011,pending,Dustin Fisher,2022-12-08,Carbo spectaculum temptatio capio suscipit corona ratione recusandae facilis alioqui.
ID-0012,SOU-0012,closed,Angelica Pagac,2023-01-27,Similique ater studio crepusculum.
ID-0013,SOU-0013,closed,Brandi Terry,2023-12-17,Itaque ex carbo aliquid velit velut recusandae confido conscendo.
ID-0014,SOU-0014,closed,Ole Boehm,2025-05-23,Absque ambitus somnus abscido arto inflammatio stultus.
ID-0015,SOU-0015,pending,Darwin Rogahn,2025-02-04,Minus aliquid corona celo careo voluptate crudelis vapulus.
ID-0016,SOU-0016,pending,Kurt Dietrich,2021-09-07,Similique atqui vilicus.
ID-0017,SOU-0017,closed,Albert Keebler DVM,2025-02-12,Creo ullus comes assentator iusto.
ID-0018,SOU-0018,closed,Bob Zboncak,2023-02-10,Talio subiungo subvenio contigo claudeo tolero tollo usque vereor dolorem.
ID-0019,SOU-0019,pending,Mauricio Towne,2022-04-03,Nesciunt adeptio deleniti.
ID-0020,SOU-0020,pending,Alejandrin Senger,2020-10-05,Tepesco bibo qui ait admoneo excepturi hic.
ID-0021,SOU-0021,pending,Jordon Schinner,2022-08-20,Acies vivo tubineus.
ID-0022,SOU-0022,closed,Cecilia Lowe,2023-12-18,Virtus taceo iste perspiciatis curia.
ID-0023,SOU-0023,active,Adolph Bayer,2025-02-18,Demitto alter deprimo demergo atavus damno cubitum praesentium.
ID-0024,SOU-0024,pending,Mamie Stiedemann,2020-12-23,Sapiente acquiro occaecati.
ID-0025,SOU-0025,closed,Marcos Lockman III,2025-10-07,Autus aegrus amaritudo accusamus alius statua aequitas comis tutis acervus.
ID-0026,SOU-0026,closed,Michele Thiel,2024-10-27,Atrocitas tandem timor vulariter cupiditate.
ID-0027,SOU-0027,pending,Tom Keebler,2024-07-11,Veniam despecto trepide.
ID-0028,SOU-0028,active,Al Bosco,2025-09-13,Nam ratione dedico clarus compono spectaculum tantum textilis testimonium aliqua.
ID-0029,SOU-0029,pending,Jill Heller,2020-11-09,Quae ambitus ago substantia aequus traho suffoco aggredior ago.
ID-0030,SOU-0030,closed,Rita Yost,2022-04-04,Tergiversatio labore curriculum.
ID-0031,SOU-0031,closed,Alexis Bednar,2020-09-14,Tamen nostrum vivo corrupti circumvenio ustilo caecus vix.
ID-0032,SOU-0032,active,Stephen Zemlak,2023-04-29,Eos quo subito deficio quis nulla venia adipisci cicuta virga.
ID-0033,SOU-0033,closed,Dovie Kohler,2023-07-03,Voluptatem vos sublime.
ID-0034,SOU-0034,pending,Dr. Marianna Vandervort,2024-05-09,Cura vicissitudo usitas adipisci acquiro cotidie tollo.
ID-0035,SOU-0035,closed,Georgianna Spinka-Smitham,2022-06-28,Adstringo urbs torqueo xiphias vulnus.
ID-0036,SOU-0036,pending,Rosamond Klein,2025-09-22,Calco spectaculum quae contabesco amplitudo speciosus eius.
ID-0037,SOU-0037,closed,Katharina Terry,2020-10-20,Temeritas quam succurro.
ID-0038,SOU-0038,active,Ginger Huel,2025-06-04,Doloribus terra crux quasi unus.
ID-0039,SOU-0039,closed,Jedidiah Koelpin IV,2021-12-21,Capto aestivus aperiam antiquus argentum aptus saepe attonbitus.
ID-0040,SOU-0040,pending,Matthew Dicki,2021-01-05,Atqui alienus animi degusto beatae.
ID-0041,SOU-0041,pending,Alfonzo Murazik,2025-03-29,Aduro charisma timidus tamisium audacia bellum correptius deorsum quae corporis.
ID-0042,SOU-0042,pending,Dexter Tremblay,2023-03-12,Dedecor expedita carcer.
ID-0043,SOU-0043,active,Felicia Hansen,2025-05-06,Spoliatio testimonium deripio aiunt fuga ocer tamdiu.
ID-0044,SOU-0044,pending,Gwen Marks,2025-12-02,Capillus ambitus argumentum cariosus arto audentia cinis.
ID-0045,SOU-0045,active,Jon Wunsch,2022-05-22,Uredo totidem causa assumenda sordeo vetus iusto mollitia cibus tenus.
ID-0046,SOU-0046,active,Kelley Buckridge,2021-09-24,Arma denique expedita admoneo conduco appono adversus.
ID-0047,SOU-0047,closed,Denis Rowe,2022-10-30,Conscendo vetus triduana vociferor ante suus.
ID-0048,SOU-0048,closed,Nettie Spinka,2024-10-09,Ascit asper torrens sono.
ID-0049,SOU-0049,pending,Godfrey Kessler,2022-10-11,Tametsi desolo campana velum credo.
ID-0050,SOU-0050,pending,Bernie Murazik,2020-11-01,Quam expedita varietas tertius argentum color carpo tam ademptio.
ID-0051,SOU-0051,pending,Mr. Everette Brown,2022-05-20,Architecto calculus suppono suppellex saepe suasoria illo caste coniuratio.
ID-0052,SOU-0052,active,Gudrun White,2023-07-09,Perferendis accusamus uter vicissitudo maiores subito vesco.
ID-0053,SOU-0053,closed,Luz Rippin DVM,2022-09-15,Vorax tumultus ante.
ID-0054,SOU-0054,closed,Leland Becker,2024-10-25,Concido cubicularis fuga.
ID-0055,SOU-0055,closed,Natasha Fahey,2020-11-04,Deripio curatio vergo conventus.
ID-0056,SOU-0056,pending,Mathew Willms,2022-06-27,Vulnus desipio pariatur.
ID-0057,SOU-0057,active,Stewart Dicki,2022-10-31,Aedificium terga defessus error decet cui laborum.
ID-0058,SOU-0058,active,Ubaldo Goldner,2022-06-14,Armarium sumptus soluta.
ID-0059,SOU-0059,active,Mrs. Maureen Braun,2021-06-06,Carcer suppono umbra.
ID-0060,SOU-0060,closed,Connor Tremblay,2020-07-06,Acquiro attonbitus nostrum curis.
